url,name,address,city,state,phone
http://www.deeltd.com/,Results,"îƒˆ80 NW 3rd St, Forest Lake, MN 55025",Forest Lake,MN,î‚°(651) 464-3231
http://jonmoultonaccounting.com/,Results,"îƒˆ20 Lake St N Ste 103, Forest Lake, MN 55025",Forest Lake,MN,î‚°(651) 272-5187
https://www.2k.cpa/,Results,"îƒˆ15252 W Freeway Dr #3, Forest Lake, MN 55025",Forest Lake,MN,î‚°(651) 464-2433
http://www.verbout.com/,Results,"îƒˆ25 Lake St N Ste 300, Forest Lake, MN 55025",Forest Lake,MN,î‚°(651) 464-7941
http://www.rychley.com/,Results,"îƒˆ25 Lake St N, Forest Lake, MN 55025",Forest Lake,MN,î‚°(651) 464-8681
https://www.threepillarsbookkeeping.com/,Results,"îƒˆ838 Lake St S, Forest Lake, MN 55025",Forest Lake,MN,î‚°(651) 899-2002
http://jmthielcpa.com/,Results,"îƒˆ69 Lake St N #16, Forest Lake, MN 55025",Forest Lake,MN,î‚°(612) 805-7116
http://www.rychleyfinancial.com/,Results,"îƒˆ25 N Lake St N Ste 210, Forest Lake, MN 55025",Forest Lake,MN,î‚°(651) 464-8681
https://www.ndnbookkeeping.com/contact,Results,"îƒˆ644 1st Ave SW, Forest Lake, MN 55025",Forest Lake,MN,î‚°(651) 402-6261
http://www.walkertaxandbookkeeping.com/,Results,"îƒˆ179 Lake St S #110, Forest Lake, MN 55025",Forest Lake,MN,î‚°(651) 408-5189
https://eliteaccountingmn.com/,Results,"îƒˆ726 Woodland Dr SE, Forest Lake, MN 55025",Forest Lake,MN,î‚°(651) 666-5628
https://office.jacksonhewitt.com/tax-preparation-services-locations/en/mn/forest-lake/200-12th-st-sw/52274?utm_source=google&utm_medium=local&utm_campaign=local&utm_content=52274,Results,"îƒˆ200 12th St SW, Forest Lake, MN 55025",Forest Lake,MN,î‚°(651) 829-3531
https://www.hrblock.com/tax-office-near-me/minnesota/forest-lake/26603/?otppartnerid=9308&campaignid=pw_mcm_9308_9762&utm_medium=local,Results,"îƒˆ608 Lake St S, Forest Lake, MN 55025",Forest Lake,MN,î‚°(612) 425-3398
https://www.sumharmony.com/,Results,"îƒˆ9668 203rd St N, Forest Lake, MN 55025",Forest Lake,MN,î‚°(651) 503-0430
https://www.qualisaccounting.com/,Results,"îƒˆ255 Scandia Trail N suite 2-b, Forest Lake, MN 55025",Forest Lake,MN,î‚°(715) 791-4787
https://connect.thrivent.com/leif-erickson,Results,"îƒˆ85 Lake St N, Forest Lake, MN 55025",Forest Lake,MN,î‚°(651) 238-3030
http://rfg.fivestarteam.com/,Results,"îƒˆ25 Lake St N Ste 115, Forest Lake, MN 55025",Forest Lake,MN,î‚°(651) 464-0252
http://www.trwstax.com/,Results,"îƒˆ7395 Lake Dr, Lino Lakes, MN 55014",Lino Lakes,MN,î‚°(651) 786-6425
https://connect.thrivent.com/benjamin-wedell?utm_source=GMB&utm_medium=Yext&y_source=1_MTU4NzY2ODktNzE1LWxvY2F0aW9uLndlYnNpdGU%3D,Results,"îƒˆ24078 Greenway Rd Ste 1a, Forest Lake, MN 55025",Forest Lake,MN,î‚°(651) 464-4849
https://integratedtax.com/,Results,"îƒˆ16180 Hastings Ave SE Unit 302, Prior Lake, MN 55372",Prior Lake,MN,î‚°(952) 855-4520
http://www.aataccounting.com/,Results,"îƒˆ14333 Shore Ln NE, Prior Lake, MN 55372",Prior Lake,MN,î‚°(952) 807-3005
